"D","mu_max_1","N_1"
"D",1,0.00177483917528073,0.104075752486085
"mu_max_1",0.00177483917528073,1,0.0389872055470458
"N_1",0.104075752486085,0.0389872055470458,1
