,model_idx,accepted_count,simulated_count,model_marginal
0,0,25,25,0.25000000000000006
1,1,34,34,0.34000000000000014
2,2,41,41,0.4100000000000002
