,model_idx,accepted_count,simulated_count,model_marginal
0,0,17,17,0.31116203524054836
1,1,42,43,0.3224331170338658
2,2,50,50,0.3664048477255856
