,model_idx,accepted_count,simulated_count,model_marginal
0,0,24,24,0.22000000000000006
1,1,42,43,0.3900000000000002
2,2,43,43,0.3900000000000002
