,model_idx,accepted_count,simulated_count,model_marginal
0,0,34,34,0.34000000000000014
1,1,40,40,0.4000000000000002
2,2,26,26,0.26000000000000006
