,model_idx,accepted_count,simulated_count,model_marginal
0,0,32,33,0.32603133662406597
1,1,47,47,0.3501978890813956
2,2,30,30,0.3237707742945382
