,model_idx,accepted_count,simulated_count,model_marginal
0,0,26,26,0.2535272737163703
1,1,32,32,0.40016801885497183
2,2,42,42,0.3463047074286578
